[
{
  "model": "admin.logentry",
  "pk": 13,
  "fields": {
    "action_time": "2025-04-08T18:36:27.910Z",
    "user": 7,
    "content_type": 4,
    "object_id": "1",
    "object_repr": "raed",
    "action_flag": 3,
    "change_message": ""
  }
},
{
  "model": "admin.logentry",
  "pk": 14,
  "fields": {
    "action_time": "2025-04-09T10:41:27.396Z",
    "user": 7,
    "content_type": 11,
    "object_id": "1",
    "object_repr": "Ea Sports FC 25",
    "action_flag": 3,
    "change_message": ""
  }
},
{
  "model": "admin.logentry",
  "pk": 15,
  "fields": {
    "action_time": "2025-04-09T10:49:22.079Z",
    "user": 7,
    "content_type": 8,
    "object_id": "3",
    "object_repr": "Falcons",
    "action_flag": 3,
    "change_message": ""
  }
},
{
  "model": "admin.logentry",
  "pk": 16,
  "fields": {
    "action_time": "2025-04-09T11:09:32.070Z",
    "user": 7,
    "content_type": 11,
    "object_id": "9",
    "object_repr": "Rainbow Six Siege",
    "action_flag": 2,
    "change_message": "[{\"changed\": {\"fields\": [\"Logo\"]}}]"
  }
},
{
  "model": "admin.logentry",
  "pk": 17,
  "fields": {
    "action_time": "2025-04-09T11:10:04.241Z",
    "user": 7,
    "content_type": 11,
    "object_id": "7",
    "object_repr": "EA Sports FC 25",
    "action_flag": 2,
    "change_message": "[{\"changed\": {\"fields\": [\"Logo\"]}}]"
  }
},
{
  "model": "admin.logentry",
  "pk": 18,
  "fields": {
    "action_time": "2025-04-09T11:10:31.035Z",
    "user": 7,
    "content_type": 11,
    "object_id": "6",
    "object_repr": "Rocket League",
    "action_flag": 2,
    "change_message": "[{\"changed\": {\"fields\": [\"Logo\"]}}]"
  }
},
{
  "model": "admin.logentry",
  "pk": 19,
  "fields": {
    "action_time": "2025-04-10T10:52:42.944Z",
    "user": 7,
    "content_type": 12,
    "object_id": "3",
    "object_repr": "ChiYo",
    "action_flag": 2,
    "change_message": "[{\"changed\": {\"fields\": [\"Image\"]}}]"
  }
},
{
  "model": "admin.logentry",
  "pk": 20,
  "fields": {
    "action_time": "2025-04-10T10:54:30.763Z",
    "user": 7,
    "content_type": 12,
    "object_id": "4",
    "object_repr": "Hanbin",
    "action_flag": 1,
    "change_message": "[{\"added\": {}}]"
  }
},
{
  "model": "admin.logentry",
  "pk": 21,
  "fields": {
    "action_time": "2025-04-10T10:57:37.518Z",
    "user": 7,
    "content_type": 12,
    "object_id": "2",
    "object_repr": "SirMajed",
    "action_flag": 2,
    "change_message": "[{\"changed\": {\"fields\": [\"Image\"]}}]"
  }
},
{
  "model": "admin.logentry",
  "pk": 22,
  "fields": {
    "action_time": "2025-04-10T10:58:30.074Z",
    "user": 7,
    "content_type": 12,
    "object_id": "2",
    "object_repr": "SirMajed",
    "action_flag": 2,
    "change_message": "[{\"changed\": {\"fields\": [\"Image\"]}}]"
  }
},
{
  "model": "admin.logentry",
  "pk": 23,
  "fields": {
    "action_time": "2025-04-10T10:59:20.555Z",
    "user": 7,
    "content_type": 12,
    "object_id": "5",
    "object_repr": "Proper",
    "action_flag": 1,
    "change_message": "[{\"added\": {}}]"
  }
},
{
  "model": "admin.logentry",
  "pk": 24,
  "fields": {
    "action_time": "2025-04-10T10:59:52.764Z",
    "user": 7,
    "content_type": 12,
    "object_id": "6",
    "object_repr": "Stalk3r",
    "action_flag": 1,
    "change_message": "[{\"added\": {}}]"
  }
},
{
  "model": "admin.logentry",
  "pk": 25,
  "fields": {
    "action_time": "2025-04-10T11:00:52.726Z",
    "user": 7,
    "content_type": 12,
    "object_id": "7",
    "object_repr": "Fielder",
    "action_flag": 1,
    "change_message": "[{\"added\": {}}]"
  }
},
{
  "model": "admin.logentry",
  "pk": 26,
  "fields": {
    "action_time": "2025-04-10T11:04:03.559Z",
    "user": 7,
    "content_type": 12,
    "object_id": "8",
    "object_repr": "Magisk",
    "action_flag": 1,
    "change_message": "[{\"added\": {}}]"
  }
},
{
  "model": "admin.logentry",
  "pk": 27,
  "fields": {
    "action_time": "2025-04-10T11:06:19.483Z",
    "user": 7,
    "content_type": 12,
    "object_id": "9",
    "object_repr": "NiKo",
    "action_flag": 1,
    "change_message": "[{\"added\": {}}]"
  }
},
{
  "model": "admin.logentry",
  "pk": 28,
  "fields": {
    "action_time": "2025-04-10T11:07:03.072Z",
    "user": 7,
    "content_type": 12,
    "object_id": "10",
    "object_repr": "TeSeS",
    "action_flag": 1,
    "change_message": "[{\"added\": {}}]"
  }
},
{
  "model": "admin.logentry",
  "pk": 29,
  "fields": {
    "action_time": "2025-04-10T11:07:32.597Z",
    "user": 7,
    "content_type": 12,
    "object_id": "11",
    "object_repr": "degster",
    "action_flag": 1,
    "change_message": "[{\"added\": {}}]"
  }
},
{
  "model": "admin.logentry",
  "pk": 30,
  "fields": {
    "action_time": "2025-04-10T11:07:49.274Z",
    "user": 7,
    "content_type": 12,
    "object_id": "12",
    "object_repr": "kyxsan",
    "action_flag": 1,
    "change_message": "[{\"added\": {}}]"
  }
},
{
  "model": "admin.logentry",
  "pk": 31,
  "fields": {
    "action_time": "2025-04-10T11:11:30.350Z",
    "user": 7,
    "content_type": 12,
    "object_id": "13",
    "object_repr": "skiter",
    "action_flag": 1,
    "change_message": "[{\"added\": {}}]"
  }
},
{
  "model": "admin.logentry",
  "pk": 32,
  "fields": {
    "action_time": "2025-04-10T11:18:22.510Z",
    "user": 7,
    "content_type": 12,
    "object_id": "18",
    "object_repr": "trk511",
    "action_flag": 2,
    "change_message": "[{\"changed\": {\"fields\": [\"Image\"]}}]"
  }
},
{
  "model": "admin.logentry",
  "pk": 33,
  "fields": {
    "action_time": "2025-04-10T11:19:32.468Z",
    "user": 7,
    "content_type": 12,
    "object_id": "21",
    "object_repr": "Msdossary",
    "action_flag": 1,
    "change_message": "[{\"added\": {}}]"
  }
},
{
  "model": "admin.logentry",
  "pk": 34,
  "fields": {
    "action_time": "2025-04-10T11:23:56.928Z",
    "user": 7,
    "content_type": 12,
    "object_id": "22",
    "object_repr": "Exnid",
    "action_flag": 1,
    "change_message": "[{\"added\": {}}]"
  }
},
{
  "model": "admin.logentry",
  "pk": 35,
  "fields": {
    "action_time": "2025-04-10T11:24:55.416Z",
    "user": 7,
    "content_type": 12,
    "object_id": "23",
    "object_repr": "Pred",
    "action_flag": 1,
    "change_message": "[{\"added\": {}}]"
  }
},
{
  "model": "admin.logentry",
  "pk": 36,
  "fields": {
    "action_time": "2025-04-10T11:26:32.025Z",
    "user": 7,
    "content_type": 12,
    "object_id": "26",
    "object_repr": "Khhx",
    "action_flag": 1,
    "change_message": "[{\"added\": {}}]"
  }
},
{
  "model": "admin.logentry",
  "pk": 37,
  "fields": {
    "action_time": "2025-04-10T11:26:52.933Z",
    "user": 7,
    "content_type": 12,
    "object_id": "27",
    "object_repr": "KingAbody",
    "action_flag": 1,
    "change_message": "[{\"added\": {}}]"
  }
},
{
  "model": "admin.logentry",
  "pk": 38,
  "fields": {
    "action_time": "2025-04-10T11:27:09.817Z",
    "user": 7,
    "content_type": 12,
    "object_id": "28",
    "object_repr": "Roxas",
    "action_flag": 1,
    "change_message": "[{\"added\": {}}]"
  }
},
{
  "model": "admin.logentry",
  "pk": 39,
  "fields": {
    "action_time": "2025-04-10T11:27:27.693Z",
    "user": 7,
    "content_type": 12,
    "object_id": "29",
    "object_repr": "d7oom",
    "action_flag": 1,
    "change_message": "[{\"added\": {}}]"
  }
},
{
  "model": "admin.logentry",
  "pk": 40,
  "fields": {
    "action_time": "2025-04-10T11:28:01.153Z",
    "user": 7,
    "content_type": 12,
    "object_id": "30",
    "object_repr": "WXSL",
    "action_flag": 1,
    "change_message": "[{\"added\": {}}]"
  }
},
{
  "model": "admin.logentry",
  "pk": 41,
  "fields": {
    "action_time": "2025-04-12T16:51:20.037Z",
    "user": 7,
    "content_type": 8,
    "object_id": "13",
    "object_repr": "fsa",
    "action_flag": 3,
    "change_message": ""
  }
},
{
  "model": "admin.logentry",
  "pk": 42,
  "fields": {
    "action_time": "2025-04-12T16:51:29.229Z",
    "user": 7,
    "content_type": 11,
    "object_id": "13",
    "object_repr": "r",
    "action_flag": 3,
    "change_message": ""
  }
},
{
  "model": "admin.logentry",
  "pk": 43,
  "fields": {
    "action_time": "2025-04-12T19:37:21.407Z",
    "user": 7,
    "content_type": 8,
    "object_id": "14",
    "object_repr": "ds",
    "action_flag": 3,
    "change_message": ""
  }
},
{
  "model": "admin.logentry",
  "pk": 44,
  "fields": {
    "action_time": "2025-04-13T07:18:58.278Z",
    "user": 7,
    "content_type": 4,
    "object_id": "8",
    "object_repr": "x",
    "action_flag": 3,
    "change_message": ""
  }
},
{
  "model": "admin.logentry",
  "pk": 45,
  "fields": {
    "action_time": "2025-04-13T07:19:05.303Z",
    "user": 7,
    "content_type": 4,
    "object_id": "10",
    "object_repr": "ra",
    "action_flag": 3,
    "change_message": ""
  }
},
{
  "model": "admin.logentry",
  "pk": 46,
  "fields": {
    "action_time": "2025-04-13T07:19:11.003Z",
    "user": 7,
    "content_type": 4,
    "object_id": "9",
    "object_repr": "r",
    "action_flag": 3,
    "change_message": ""
  }
},
{
  "model": "admin.logentry",
  "pk": 47,
  "fields": {
    "action_time": "2025-04-13T07:31:46.399Z",
    "user": 7,
    "content_type": 4,
    "object_id": "11",
    "object_repr": "raed",
    "action_flag": 3,
    "change_message": ""
  }
},
{
  "model": "admin.logentry",
  "pk": 48,
  "fields": {
    "action_time": "2025-04-13T07:55:56.984Z",
    "user": 7,
    "content_type": 11,
    "object_id": "14",
    "object_repr": "dfsfsfs",
    "action_flag": 3,
    "change_message": ""
  }
},
{
  "model": "admin.logentry",
  "pk": 49,
  "fields": {
    "action_time": "2025-04-13T07:56:08.889Z",
    "user": 7,
    "content_type": 8,
    "object_id": "15",
    "object_repr": "fds",
    "action_flag": 3,
    "change_message": ""
  }
},
{
  "model": "auth.user",
  "pk": 7,
  "fields": {
    "password": "pbkdf2_sha256$1000000$i4GeJjC3ha0BP5IAmLGbEV$Um3PZos1fwhgTCnDRZvm0ZziyuIdDXqmeHZjBREnFbI=",
    "last_login": "2025-04-13T08:09:45.556Z",
    "is_superuser": true,
    "username": "xraed7",
    "first_name": "Raed",
    "last_name": "Mulla",
    "email": "Xraed20@gmal.com",
    "is_staff": true,
    "is_active": true,
    "date_joined": "2025-04-08T18:33:52Z",
    "groups": [],
    "user_permissions": []
  }
},
{
  "model": "auth.user",
  "pk": 12,
  "fields": {
    "password": "pbkdf2_sha256$1000000$CC9ACcKLbyU3ifM1BnuMhq$14UFJQDMrMedixa7Zhpppd7ZTbKll3Ayegdpsvi/f6w=",
    "last_login": "2025-04-13T08:08:59.274Z",
    "is_superuser": false,
    "username": "raed",
    "first_name": "Raed",
    "last_name": "Mulla",
    "email": "raed@gmail.com",
    "is_staff": false,
    "is_active": true,
    "date_joined": "2025-04-13T07:32:32.047Z",
    "groups": [],
    "user_permissions": []
  }
},
{
  "model": "auth.user",
  "pk": 13,
  "fields": {
    "password": "pbkdf2_sha256$1000000$lZi4dhMHSaDAYcLidWbcWE$u5/LX/REGV8ryFmTg4KsS+BGxFOExEIUF04i09Mg6aU=",
    "last_login": null,
    "is_superuser": true,
    "username": "ra",
    "first_name": "",
    "last_name": "",
    "email": "xr@gmail.com",
    "is_staff": true,
    "is_active": true,
    "date_joined": "2025-04-13T10:34:12.834Z",
    "groups": [],
    "user_permissions": []
  }
},
{
  "model": "sessions.session",
  "pk": "wusulpueqliemzrmnx04kmv7g69zn3l2",
  "fields": {
    "session_data": ".eJxVjDsOwjAQRO_iGllO_Kekzxmstb2LA8iW4qRC3J1ESgHVSPPezJsF2NYSto5LmDO7Mssuv12E9MR6gPyAem88tbouc-SHwk_a-dQyvm6n-3dQoJd9rZG8o3EUmKxRJFAlL8EJNGkgQgvaoTCo9KC9l27PhCY6KQTFHK1lny_t8zfw:1u3sPR:vP0iBbLEBUPANlBnsTLD5bHkf8fh5I9neEnw7TzzQKc",
    "expire_date": "2025-04-27T08:09:45.568Z"
  }
},
{
  "model": "account.profile",
  "pk": 4,
  "fields": {
    "user": 7,
    "avatar": "images/avatars/avatar_kXEBmvI.png",
    "favorite_team": [
      4,
      5,
      9
    ]
  }
},
{
  "model": "account.profile",
  "pk": 9,
  "fields": {
    "user": 12,
    "avatar": "images/avatars/avatar_Tg0VHRA.png",
    "favorite_team": [
      5
    ]
  }
},
{
  "model": "teams.tournament",
  "pk": 1,
  "fields": {
    "name": "esports world cup"
  }
},
{
  "model": "teams.tournament",
  "pk": 3,
  "fields": {
    "name": " Esports World Cup"
  }
},
{
  "model": "teams.tournament",
  "pk": 4,
  "fields": {
    "name": "ESL Challenger League Season 41: Europe (2022)"
  }
},
{
  "model": "teams.tournament",
  "pk": 5,
  "fields": {
    "name": "Overwatch Champions Series 2024 World Finals"
  }
},
{
  "model": "teams.tournament",
  "pk": 6,
  "fields": {
    "name": "Overwatch Champions Series 2025 - Asia Stage 1 Main Event"
  }
},
{
  "model": "teams.tournament",
  "pk": 7,
  "fields": {
    "name": "Saudi eLeagues 2021 Season 1"
  }
},
{
  "model": "teams.tournament",
  "pk": 8,
  "fields": {
    "name": "Saudi eLeagues 2023 Season 2 (lol)"
  }
},
{
  "model": "teams.tournament",
  "pk": 9,
  "fields": {
    "name": "Virtual Bundesliga 2022-23 - Club Championship"
  }
},
{
  "model": "teams.tournament",
  "pk": 10,
  "fields": {
    "name": "FIFAe Club World Cup 2023"
  }
},
{
  "model": "teams.tournament",
  "pk": 11,
  "fields": {
    "name": "FIFAe Club Series 2023 - Europe Central-East - Online Qualifiers"
  }
},
{
  "model": "teams.tournament",
  "pk": 12,
  "fields": {
    "name": "Intel Extreme Masters Season XIV - Chicago"
  }
},
{
  "model": "teams.tournament",
  "pk": 13,
  "fields": {
    "name": "BLAST Pro Series: Los Angeles 2019"
  }
},
{
  "model": "teams.tournament",
  "pk": 14,
  "fields": {
    "name": "PGL Wallachia Season 3"
  }
},
{
  "model": "teams.tournament",
  "pk": 15,
  "fields": {
    "name": "The International 2024"
  }
},
{
  "model": "teams.tournament",
  "pk": 16,
  "fields": {
    "name": "FIFAe Club Series 2023 - Middle East"
  }
},
{
  "model": "teams.team",
  "pk": 4,
  "fields": {
    "name": "Team Falcons",
    "description": "A Saudi Arabian esports organization rapidly rising in the global esports scene.",
    "logo": "images/team_logos/Team_Falcons_logo_J0X38ar.png",
    "games": [
      3,
      5,
      6,
      7,
      8,
      10,
      11,
      12
    ],
    "tournaments": [
      3,
      4,
      5,
      6,
      7,
      8
    ]
  }
},
{
  "model": "teams.team",
  "pk": 5,
  "fields": {
    "name": "Team Liquid",
    "description": "Team Liquid is one of the most established and successful esports organizations globally, with teams competing in a wide range of titles.",
    "logo": "images/team_logos/ab6775700000ee85fa5a619e381338e7f9abb9b1.jpeg",
    "games": [
      2,
      3,
      5,
      9,
      11
    ],
    "tournaments": [
      12,
      13,
      14,
      15
    ]
  }
},
{
  "model": "teams.team",
  "pk": 6,
  "fields": {
    "name": "Fnatic",
    "description": "A UK-based team known for strong performances, with a long history in the esports scene.",
    "logo": "images/team_logos/download_2.png",
    "games": [
      2,
      3,
      4,
      9
    ],
    "tournaments": []
  }
},
{
  "model": "teams.team",
  "pk": 7,
  "fields": {
    "name": "T1",
    "description": "Based in South Korea, T1 is best known for its legendary League of Legends team  a global icon in the game.",
    "logo": "images/team_logos/download_3.png",
    "games": [
      2,
      4
    ],
    "tournaments": []
  }
},
{
  "model": "teams.team",
  "pk": 8,
  "fields": {
    "name": "G2 Esports",
    "description": "A European organization known for stylish branding and consistent performances across multiple games, especially in League of Legends.",
    "logo": "images/team_logos/Esports_organization_G2_Esports_logo.svg.png",
    "games": [
      2,
      3,
      4,
      6,
      9,
      10
    ],
    "tournaments": []
  }
},
{
  "model": "teams.team",
  "pk": 9,
  "fields": {
    "name": "FaZe Clan",
    "description": "FaZe Clan started as a trickshotting group on YouTube and evolved into a powerhouse esports team, especially dominant in shooters like Call of Duty.",
    "logo": "images/team_logos/download_4.png",
    "games": [
      3,
      4,
      6,
      7,
      9,
      10,
      11,
      12
    ],
    "tournaments": []
  }
},
{
  "model": "teams.team",
  "pk": 10,
  "fields": {
    "name": "Crazy Raccoon",
    "description": "Japanese esports organization. Known for their strong presence in tournaments, the team has gained recognition both regionally and internationally. Their focus on excellence and team coordination has made them a respected name in the esports community.",
    "logo": "images/team_logos/download_5.png",
    "games": [
      4,
      8,
      11,
      12
    ],
    "tournaments": []
  }
},
{
  "model": "teams.team",
  "pk": 11,
  "fields": {
    "name": "RBLZ Gaming",
    "description": "the esports division of the German football club RB Leipzig. The team focuses on EA Sports FC",
    "logo": "images/team_logos/images_1.png",
    "games": [
      7
    ],
    "tournaments": [
      9,
      10,
      11
    ]
  }
},
{
  "model": "teams.team",
  "pk": 12,
  "fields": {
    "name": "Team Gullit",
    "description": "Founded by Dutch football legend Ruud Gullit, Team Gullit is the world's first independent EA Sports FC academy. The academy scouts and develops promising EA Sports FC talents, providing professional training and mentoring to elevate their skills.",
    "logo": "images/team_logos/images_1.jpeg",
    "games": [
      7
    ],
    "tournaments": []
  }
},
{
  "model": "teams.team",
  "pk": 16,
  "fields": {
    "name": "Twisted Minds",
    "description": "Saudi Arabian esports organization established in 2021. The team has made significant strides in the esports scene, particularly in the Middle East and North Africa (MENA) region.​",
    "logo": "images/team_logos/Twisted_minds.png",
    "games": [
      7,
      15
    ],
    "tournaments": [
      16
    ]
  }
},
{
  "model": "games.game",
  "pk": 2,
  "fields": {
    "name": "League of Legends",
    "description": "A team-based multiplayer online battle arena (MOBA) game where two teams of five players battle to destroy the opposing team’s base. It's one of the most popular esports titles globally, known for its strategic depth and competitive scene.",
    "logo": "images/game_logos/902700-3840x2160-desktop-4k-league-of-legends-logo-background.jpg"
  }
},
{
  "model": "games.game",
  "pk": 3,
  "fields": {
    "name": "Counter-Strike: Global Offensive",
    "description": "A tactical first-person shooter where two teams—Terrorists and Counter-Terrorists—compete to complete objectives such as bomb planting or hostage rescue. Precision, teamwork, and fast reflexes are key.",
    "logo": "images/game_logos/download.png"
  }
},
{
  "model": "games.game",
  "pk": 4,
  "fields": {
    "name": "Valorant",
    "description": "A 5v5 tactical shooter that combines traditional FPS gameplay with unique agent abilities. Developed by Riot Games",
    "logo": "images/game_logos/images.png"
  }
},
{
  "model": "games.game",
  "pk": 5,
  "fields": {
    "name": "Dota 2",
    "description": "Another popular MOBA where two teams of five compete to destroy the enemy’s Ancient structure. It features a large pool of heroes with unique abilities and is known for its massive esports prize pools.",
    "logo": "images/game_logos/download_1.png"
  }
},
{
  "model": "games.game",
  "pk": 6,
  "fields": {
    "name": "Rocket League",
    "description": "A fast-paced game that combines soccer with rocket-powered cars. Teams try to score goals in a high-speed arena, and it’s praised for its unique mechanics and exciting matches.",
    "logo": "images/game_logos/images_2.jpeg"
  }
},
{
  "model": "games.game",
  "pk": 7,
  "fields": {
    "name": "EA Sports FC 25",
    "description": "A football simulation game  Players build and manage their ultimate team, compete online, and participate in global tournaments. It's a top title in esports for fans of realistic football gameplay, featuring licensed clubs, players, and stadiums from around the world.",
    "logo": "images/game_logos/EA_Sports_FC_25-logo.png"
  }
},
{
  "model": "games.game",
  "pk": 8,
  "fields": {
    "name": "Overwatch 2",
    "description": "A fast-paced team-based shooter where two teams of five heroes with unique abilities compete in objective-based modes. It combines strategy, aiming, and team coordination.",
    "logo": "images/game_logos/download_6.png"
  }
},
{
  "model": "games.game",
  "pk": 9,
  "fields": {
    "name": "Rainbow Six Siege",
    "description": "A tactical first-person shooter that emphasizes strategy, teamwork, and environmental destruction. Attackers and defenders compete in intense, round-based matches.",
    "logo": "images/game_logos/Rainbow-Six-Symbol.png"
  }
},
{
  "model": "games.game",
  "pk": 10,
  "fields": {
    "name": "Call of Duty",
    "description": "A popular FPS franchise known for its fast gunplay and intense action. Titles like Modern Warfare and Warzone are featured in international esports leagues.",
    "logo": "images/game_logos/Call-of-Duty-Logo-2012.png"
  }
},
{
  "model": "games.game",
  "pk": 11,
  "fields": {
    "name": "Apex Legends",
    "description": "a free-to-play battle royale shooter developed by Respawn Entertainment. Players form squads of three and choose from a cast of unique \"Legends,\" each with special abilities. The game focuses on fast-paced action, teamwork, and strategic use of each Legend's skills.",
    "logo": "images/game_logos/apex-logo-F74B0C9FCD-seeklogo.com.png"
  }
},
{
  "model": "games.game",
  "pk": 12,
  "fields": {
    "name": "Fortnite",
    "description": "a colorful and fast-paced battle royale game developed by Epic Games. Players compete solo or in teams to be the last one standing while building structures for defense or mobility. It’s known for its creative events, crossovers, and its unique building mechanic.",
    "logo": "images/game_logos/Fortnite-Logo-1.png"
  }
},
{
  "model": "games.game",
  "pk": 15,
  "fields": {
    "name": "Tekken 8",
    "description": "1v1 fighting game developed by Bandai Namco. It features fast-paced combat, stunning graphics, and a cast of unique characters, each with their own fighting style.",
    "logo": "images/game_logos/avatar.jpeg"
  }
},
{
  "model": "player.player",
  "pk": 1,
  "fields": {
    "name": "AbuMakkah",
    "image": "images/players/Image-of-player-AboMakkah-player-3b533a71-63eb-4cf2-86a7-4296e05af2df.png",
    "game_name": "Fc25 player",
    "team": 4
  }
},
{
  "model": "player.player",
  "pk": 2,
  "fields": {
    "name": "SirMajed",
    "image": "images/players/download_M6lvpjz.jpeg",
    "game_name": "OverWatch player",
    "team": 4
  }
},
{
  "model": "player.player",
  "pk": 3,
  "fields": {
    "name": "ChiYo",
    "image": "images/players/ove.webp",
    "game_name": "OverWatch player",
    "team": 4
  }
},
{
  "model": "player.player",
  "pk": 4,
  "fields": {
    "name": "Hanbin",
    "image": "images/players/hanbin.webp",
    "game_name": "OverWatch player",
    "team": 4
  }
},
{
  "model": "player.player",
  "pk": 5,
  "fields": {
    "name": "Proper",
    "image": "images/players/Proper.webp",
    "game_name": "OverWatch player",
    "team": 4
  }
},
{
  "model": "player.player",
  "pk": 6,
  "fields": {
    "name": "Stalk3r",
    "image": "images/players/Stalk3r.webp",
    "game_name": "OverWatch player",
    "team": 4
  }
},
{
  "model": "player.player",
  "pk": 7,
  "fields": {
    "name": "Fielder",
    "image": "images/players/Fielder.webp",
    "game_name": "OverWatch player",
    "team": 4
  }
},
{
  "model": "player.player",
  "pk": 8,
  "fields": {
    "name": "Magisk",
    "image": "images/players/Magisk.webp",
    "game_name": "Counter Strike Player",
    "team": 4
  }
},
{
  "model": "player.player",
  "pk": 9,
  "fields": {
    "name": "NiKo",
    "image": "images/players/3XwEUKdKzZX2weAxy5Mk1_.webp",
    "game_name": "Counter Strike Player",
    "team": 4
  }
},
{
  "model": "player.player",
  "pk": 10,
  "fields": {
    "name": "TeSeS",
    "image": "images/players/E5E2I3MU3Jiem8sCrnYcNS.webp",
    "game_name": "Counter Strike Player",
    "team": 4
  }
},
{
  "model": "player.player",
  "pk": 11,
  "fields": {
    "name": "degster",
    "image": "images/players/WgMAp9FCLg8ozmviwHGSFc.webp",
    "game_name": "Counter Strike Player",
    "team": 4
  }
},
{
  "model": "player.player",
  "pk": 12,
  "fields": {
    "name": "kyxsan",
    "image": "images/players/W53kGj89yRn3aAnk_zB6ld.webp",
    "game_name": "Counter Strike Player",
    "team": 4
  }
},
{
  "model": "player.player",
  "pk": 13,
  "fields": {
    "name": "skiter",
    "image": "images/players/p3400.png",
    "game_name": "Dota 2 Player",
    "team": 4
  }
},
{
  "model": "player.player",
  "pk": 14,
  "fields": {
    "name": "Malr1ne",
    "image": "images/players/p73481.png",
    "game_name": "Dota 2 Player",
    "team": 4
  }
},
{
  "model": "player.player",
  "pk": 15,
  "fields": {
    "name": "ATF",
    "image": "images/players/p68172.png",
    "game_name": "Dota 2 Player",
    "team": 4
  }
},
{
  "model": "player.player",
  "pk": 16,
  "fields": {
    "name": "Cr1t",
    "image": "images/players/p57.png",
    "game_name": "Dota 2 Player",
    "team": 4
  }
},
{
  "model": "player.player",
  "pk": 17,
  "fields": {
    "name": "Sneyking",
    "image": "images/players/p195.png",
    "game_name": "Dota 2 Player",
    "team": 4
  }
},
{
  "model": "player.player",
  "pk": 18,
  "fields": {
    "name": "trk511",
    "image": "images/players/Image-of-player-trk511-team_emblem-f413c462-4077-4c6e-8548-0fce3ecac6f7.png",
    "game_name": "Rocket League Player",
    "team": 4
  }
},
{
  "model": "player.player",
  "pk": 19,
  "fields": {
    "name": "Rw9",
    "image": "images/players/Image-of-player-Rw9-team_emblem-33de9170-de5b-4b5b-a8ed-e15b6a3cf2ce.png",
    "game_name": "Rocket League Player",
    "team": 4
  }
},
{
  "model": "player.player",
  "pk": 20,
  "fields": {
    "name": "Kiileerrz",
    "image": "images/players/Image-of-player-Kiileerrz-player-81538f37-239e-4964-9e83-38199fe5540d.png",
    "game_name": "Rocket League Player",
    "team": 4
  }
},
{
  "model": "player.player",
  "pk": 21,
  "fields": {
    "name": "Msdossary",
    "image": "images/players/MSDOSSARY.webp",
    "game_name": "Fc25 player",
    "team": 4
  }
},
{
  "model": "player.player",
  "pk": 22,
  "fields": {
    "name": "Exnid",
    "image": "images/players/LVF_Exnid_2025.webp",
    "game_name": "Call Of Duty Player",
    "team": 4
  }
},
{
  "model": "player.player",
  "pk": 23,
  "fields": {
    "name": "Pred",
    "image": "images/players/TEX_Pred_2025.webp",
    "game_name": "Call Of Duty Player",
    "team": 4
  }
},
{
  "model": "player.player",
  "pk": 24,
  "fields": {
    "name": "Arcitys",
    "image": "images/players/download_1.jpeg",
    "game_name": "Call Of Duty Player",
    "team": 4
  }
},
{
  "model": "player.player",
  "pk": 25,
  "fields": {
    "name": "Priestahh",
    "image": "images/players/download_2.jpeg",
    "game_name": "Call Of Duty Player",
    "team": 4
  }
},
{
  "model": "player.player",
  "pk": 26,
  "fields": {
    "name": "Khhx",
    "image": "images/players/LVF_5aLDx_2025.webp",
    "game_name": "Call Of Duty Player",
    "team": 4
  }
},
{
  "model": "player.player",
  "pk": 27,
  "fields": {
    "name": "KingAbody",
    "image": "images/players/LVF_KingAbody_2025.webp",
    "game_name": "Call Of Duty Player",
    "team": 4
  }
},
{
  "model": "player.player",
  "pk": 28,
  "fields": {
    "name": "Roxas",
    "image": "images/players/LVF_Roxas_2025.webp",
    "game_name": "Call Of Duty Player",
    "team": 4
  }
},
{
  "model": "player.player",
  "pk": 29,
  "fields": {
    "name": "d7oom",
    "image": "images/players/LVF_d7oom_2025.webp",
    "game_name": "Call Of Duty Player",
    "team": 4
  }
},
{
  "model": "player.player",
  "pk": 30,
  "fields": {
    "name": "WXSL",
    "image": "images/players/LVF_WXSL_2025.webp",
    "game_name": "Call Of Duty Player",
    "team": 4
  }
},
{
  "model": "player.player",
  "pk": 31,
  "fields": {
    "name": "KiinG",
    "image": "images/players/download_3.jpeg",
    "game_name": "Call Of Duty Player",
    "team": 4
  }
},
{
  "model": "player.player",
  "pk": 32,
  "fields": {
    "name": "Yonx",
    "image": "images/players/download_4.jpeg",
    "game_name": "Fortnite Player",
    "team": 4
  }
},
{
  "model": "player.player",
  "pk": 33,
  "fields": {
    "name": "Spy",
    "image": "images/players/download_5.jpeg",
    "game_name": "Fortnite Player",
    "team": 4
  }
},
{
  "model": "player.player",
  "pk": 34,
  "fields": {
    "name": "TaySon",
    "image": "images/players/download_6.jpeg",
    "game_name": "Fortnite Player",
    "team": 4
  }
},
{
  "model": "player.player",
  "pk": 35,
  "fields": {
    "name": "FHD",
    "image": "images/players/download_7.jpeg",
    "game_name": "Fortnite Player",
    "team": 4
  }
},
{
  "model": "player.player",
  "pk": 36,
  "fields": {
    "name": "NM7",
    "image": "images/players/download_8.jpeg",
    "game_name": "Fortnite Player",
    "team": 4
  }
},
{
  "model": "player.player",
  "pk": 37,
  "fields": {
    "name": "Impact",
    "image": "images/players/TL_Impact_2025_Split_1.webp",
    "game_name": "LoL player",
    "team": 5
  }
},
{
  "model": "player.player",
  "pk": 38,
  "fields": {
    "name": "UmTi",
    "image": "images/players/TL_UmTi_2025_Split_1.webp",
    "game_name": "LoL player",
    "team": 5
  }
},
{
  "model": "player.player",
  "pk": 39,
  "fields": {
    "name": "APA",
    "image": "images/players/TL_APA_2025_Split_1.webp",
    "game_name": "LoL player",
    "team": 5
  }
},
{
  "model": "player.player",
  "pk": 40,
  "fields": {
    "name": "Yeon",
    "image": "images/players/TL_Yeon_2025_Split_1.webp",
    "game_name": "LoL player",
    "team": 5
  }
},
{
  "model": "player.player",
  "pk": 41,
  "fields": {
    "name": "CoreJJ",
    "image": "images/players/TL_CoreJJ_2025_Split_1.webp",
    "game_name": "LoL player",
    "team": 5
  }
},
{
  "model": "player.player",
  "pk": 42,
  "fields": {
    "name": "Infekted",
    "image": "images/players/download_9.jpeg",
    "game_name": "OverWatch player",
    "team": 5
  }
},
{
  "model": "player.player",
  "pk": 43,
  "fields": {
    "name": "Oscarinin",
    "image": "images/players/images_3.jpeg",
    "game_name": "LoL player",
    "team": 6
  }
},
{
  "model": "player.player",
  "pk": 44,
  "fields": {
    "name": "Razork",
    "image": "images/players/FNC_Razork_2025_Split_1.webp",
    "game_name": "LoL player",
    "team": 6
  }
},
{
  "model": "player.player",
  "pk": 45,
  "fields": {
    "name": "Humanoid",
    "image": "images/players/FNC_Humanoid_2025_Split_1.webp",
    "game_name": "LoL player",
    "team": 6
  }
},
{
  "model": "player.player",
  "pk": 46,
  "fields": {
    "name": "Upset",
    "image": "images/players/FNC_Upset_2025_Split_1.webp",
    "game_name": "LoL player",
    "team": 6
  }
},
{
  "model": "player.player",
  "pk": 47,
  "fields": {
    "name": "Mikyx",
    "image": "images/players/FNC_Mikyx_2025_Split_1.webp",
    "game_name": "LoL player",
    "team": 6
  }
},
{
  "model": "player.player",
  "pk": 48,
  "fields": {
    "name": "KRIMZ",
    "image": "images/players/YiWFODbUirDqksHWdja1yn.webp",
    "game_name": "Counter Strike Player",
    "team": 6
  }
},
{
  "model": "player.player",
  "pk": 49,
  "fields": {
    "name": "blameF",
    "image": "images/players/841aWv7R1KWD3HC_SI1lMd.webp",
    "game_name": "Counter Strike Player",
    "team": 6
  }
},
{
  "model": "player.player",
  "pk": 50,
  "fields": {
    "name": "fear",
    "image": "images/players/6i8rSmSjjXjopCGcs2GH22.webp",
    "game_name": "Counter Strike Player",
    "team": 6
  }
},
{
  "model": "player.player",
  "pk": 51,
  "fields": {
    "name": "MATYS",
    "image": "images/players/J1aXVGVYlvH1Idrk69rhHH.webp",
    "game_name": "Counter Strike Player",
    "team": 6
  }
},
{
  "model": "player.player",
  "pk": 52,
  "fields": {
    "name": "jambo",
    "image": "images/players/8sXk1m791iQgAFwKiMA3XF.webp",
    "game_name": "Counter Strike Player",
    "team": 6
  }
},
{
  "model": "player.player",
  "pk": 53,
  "fields": {
    "name": "Doran",
    "image": "images/players/T1_Doran_2025_Split_1.webp",
    "game_name": "LoL player",
    "team": 7
  }
},
{
  "model": "player.player",
  "pk": 54,
  "fields": {
    "name": "Oner",
    "image": "images/players/T1_Oner_2025_Split_1.webp",
    "game_name": "LoL player",
    "team": 7
  }
},
{
  "model": "player.player",
  "pk": 55,
  "fields": {
    "name": "Faker",
    "image": "images/players/T1_Faker_2025_Split_1.webp",
    "game_name": "LoL player",
    "team": 7
  }
},
{
  "model": "player.player",
  "pk": 56,
  "fields": {
    "name": "Gumayusi",
    "image": "images/players/T1_Gumayusi_2025_Split_1.webp",
    "game_name": "LoL player",
    "team": 7
  }
},
{
  "model": "player.player",
  "pk": 57,
  "fields": {
    "name": "Smash",
    "image": "images/players/T1.EA_Smash_2025_Split_1.webp",
    "game_name": "LoL player",
    "team": 7
  }
},
{
  "model": "player.player",
  "pk": 58,
  "fields": {
    "name": "Keria",
    "image": "images/players/T1_Keria_2025_Split_1.webp",
    "game_name": "LoL player",
    "team": 7
  }
},
{
  "model": "player.player",
  "pk": 59,
  "fields": {
    "name": "stax",
    "image": "images/players/6757d36ad3001.png",
    "game_name": "Valorant Player",
    "team": 7
  }
},
{
  "model": "player.player",
  "pk": 60,
  "fields": {
    "name": "Meteor",
    "image": "images/players/6757d37596b6f.png",
    "game_name": "Valorant Player",
    "team": 7
  }
},
{
  "model": "player.player",
  "pk": 61,
  "fields": {
    "name": "Sylvan",
    "image": "images/players/6757d389c06f5.png",
    "game_name": "Valorant Player",
    "team": 7
  }
},
{
  "model": "player.player",
  "pk": 62,
  "fields": {
    "name": "BuZz",
    "image": "images/players/6757d39881445.png",
    "game_name": "Valorant Player",
    "team": 7
  }
},
{
  "model": "player.player",
  "pk": 63,
  "fields": {
    "name": "iZu",
    "image": "images/players/65cc6f174c154.png",
    "game_name": "Valorant Player",
    "team": 7
  }
},
{
  "model": "player.player",
  "pk": 64,
  "fields": {
    "name": "carpe",
    "image": "images/players/65cc6f0f4da99.png",
    "game_name": "Valorant Player",
    "team": 7
  }
},
{
  "model": "player.player",
  "pk": 65,
  "fields": {
    "name": "Umut",
    "image": "images/players/Image-of-player-Umut-player-47e8c841-8dae-4147-9186-43cf2d232b9e.png",
    "game_name": "Fc25 player",
    "team": 11
  }
},
{
  "model": "player.player",
  "pk": 66,
  "fields": {
    "name": "levyfinn",
    "image": "images/players/Image-of-player-levyfinn-player-381f1135-beff-4d69-a84e-e0ad71a7be74.png",
    "game_name": "Fc25 player",
    "team": 11
  }
},
{
  "model": "player.player",
  "pk": 67,
  "fields": {
    "name": "Vejrgang",
    "image": "images/players/Image-of-player-Vejrgang-player-c17f90f1-927b-4ad1-8b39-06044c879aa8.png",
    "game_name": "Fc25 player",
    "team": 11
  }
},
{
  "model": "player.player",
  "pk": 68,
  "fields": {
    "name": "Levi de Weerd",
    "image": "images/players/Image-of-player-deWeerd-player-b8631a43-18c4-48cc-a2b5-6dd404751ecb.png",
    "game_name": "Fc25 player",
    "team": 12
  }
},
{
  "model": "player.player",
  "pk": 69,
  "fields": {
    "name": "ManuBachoore",
    "image": "images/players/Image-of-player-ManuBachoore-player-b3625a49-c428-4f25-9df9-0a7a40a07e5b.png",
    "game_name": "Fc25 player",
    "team": 12
  }
},
{
  "model": "player.player",
  "pk": 70,
  "fields": {
    "name": "EmreYilmaz",
    "image": "images/players/Emre_yilmaz.png",
    "game_name": "Fc25 player",
    "team": 12
  }
},
{
  "model": "player.player",
  "pk": 71,
  "fields": {
    "name": "AboFawzi",
    "image": "images/players/AboFawzi.png",
    "game_name": "Fc25 player",
    "team": 16
  }
}
]
